mse,rmse,mae,r2,pearson,spearman,mape,median_ae,ci,explained_variance,max_error,mean_bias
1.3791292931466002,1.1743633565241212,0.8696713560037471,0.8025787704371903,0.8963135303402309,0.8710520569719632,189.3176461601837,0.660427451133728,0.8481588511303857,0.8031759397335656,9.61377477645874,-0.06458836642713657
