mse,rmse,mae,r2,pearson,spearman,mape,median_ae,ci,explained_variance,max_error,mean_bias
1.345732054739303,1.16005691874981,0.862001106525456,0.8094651332914551,0.8998245504979441,0.8748780818847753,156.3751142837356,0.6599365472793579,0.8505419101983308,0.8095418071352737,8.514164686203003,-0.02327103430113293
