mse,rmse,mae,r2,pearson,spearman,mape,median_ae,ci,explained_variance,max_error,mean_bias
1.3747203927722684,1.1724847089716217,0.8723213805692211,0.8047702498155702,0.8977594778144149,0.8742280192395416,139.083873126347,0.6681128740310669,0.8501319368744523,0.8059115070829399,9.613707780838013,-0.08964497827502468
