mse,rmse,mae,r2,pearson,spearman,mape,median_ae,ci,explained_variance,max_error,mean_bias
1.352755002828854,1.1630799640733451,0.8691693489943247,0.8079367316465416,0.8992768386729074,0.8733251567566078,152.61693260791884,0.67038943618536,0.8493644890819542,0.8079456610440332,9.700467586517334,-0.007930462116484554
