mse,rmse,mae,r2,pearson,spearman,mape,median_ae,ci,explained_variance,max_error,mean_bias
1.357529699018674,1.1651307647722096,0.8712634661948014,0.8075340727621387,0.8992346087242294,0.8735364415852876,124.13648819525412,0.6737198829650879,0.8495491013980083,0.807541249799443,9.064305365085602,-0.007114925277587436
