method,feature_variance,avg_distance,avg_silhouette,explained_variance_2d
mean,0.004459536,0.36240943058171177,0.2849669,0.9348361268639565
add,20.074158,26.082965712248626,0.35378188,0.976474966853857
max,0.15800425,1.337717356612152,0.34012365,0.9827818293124437
