method,feature_variance,avg_distance,avg_silhouette,explained_variance_2d
mean,0.005049467,0.40014405349443144,0.2618094,0.9258922785520554
add,73.15842,48.33846714657605,0.42625904,0.9920273320749402
max,0.10110899,1.1592544279571777,0.35542545,0.9755936712026596
